{
  "manifest_version": 3,
  "name": "SmartList - Wishlist & Price Tracker",
  "version": "1.0.0",
  "description": "Track products, share wishlists, and get price alerts",
  "permissions": [
    "storage",
    "activeTab",
    "tabs"
  ],
  "host_permissions": [
    "https://*/*"
  ],
  "action": {
    "default_popup": "popup.html",
    "default_icon": {
      "16": "icons/icon16.png",
      "48": "icons/icon48.png",
      "128": "icons/icon128.png"
    }
  },
  "background": {
    "service_worker": "background.js"
  },
  "content_scripts": [
    {
      "matches": ["<all_urls>"],
      "js": ["content.js"]
    }
  ],
  "icons": {
    "16": "icons/icon16.png",
    "48": "icons/icon48.png",
    "128": "icons/icon128.png"
  },
  "web_accessible_resources": [
    {
      "resources": ["icons/*"],
      "matches": ["<all_urls>"]
    }
  ]
}